dark,dragon,enjoy,explore,fascinate,futuristic,ghost,land,love,mysterious,space,story,tech
0.0,0.5,0.0,0.0,0.0,0.0,0.0,0.5,0.5,0.5,0.0,0.0,0.0
0.0,0.0,0.4472135954999579,0.4472135954999579,0.0,0.4472135954999579,0.0,0.0,0.0,0.0,0.4472135954999579,0.0,0.4472135954999579
0.5,0.0,0.0,0.0,0.5,0.0,0.5,0.0,0.0,0.0,0.0,0.5,0.0
